bitstring,count
111010100110,7071
010000001110,6946
010010100100,6963
110011111100,7035
010011110100,6895
111000000100,7073
111001011100,6831
011011010110,7096
110010100100,6904
110001010100,6885
011000001100,6984
101001011111,283
011111101100,276
111001110100,7168
011001110100,7029
010011010110,6895
010011111100,6900
111001011110,7068
111001111100,7009
011001111100,7070
111000101110,7026
111010000100,6979
010001100010,296
010000000100,6909
011010001100,6992
011010100110,6976
110011101010,268
110001011110,6766
011011010100,7144
010010100110,6946
110001110100,6952
100010101101,319
010001111100,6909
111000100100,7005
110011110110,7015
110000000100,6970
010011110110,6942
110011010110,6887
110000110111,9
011000000100,7121
111111101110,283
110010100110,6959
111010001110,6909
111000001011,276
111011110001,310
010011100010,288
011011011110,6800
010000101110,6928
111001110110,7146
110000101110,7050
011000100100,6847
110000000001,276
001101111110,304
011010101100,6899
111010100100,6973
011011111110,7001
010001111110,6974
011011011100,6859
110010001110,7066
111010000110,6961
110011010011,326
110011111110,7010
110011010100,6922
111000100011,296
010001011110,6871
011000000110,6893
010001010110,6865
111001010110,6941
110010001100,6833
000011111101,273
010000000110,6816
010001110100,6944
010000001100,7089
111001010100,6907
010011011100,6910
010010101110,7058
111011110100,7062
010011111110,6838
011000101110,7013
010001110110,6923
111010101100,7068
010010101100,7023
101111111110,277
011001110110,7229
011010000100,7014
110000000110,6898
110011011100,7085
110000001100,6997
011000001110,7089
110010101110,7061
110000101011,284
010001101000,264
111011010110,6933
111000001100,7025
010010001110,6971
111000101100,6954
010011010100,6983
110000100100,6918
111011011100,6909
010001011100,7070
011000100110,6984
011011111100,6880
000000101101,280
110101100110,307
110010000110,6954
010001010100,7001
110000100110,7072
111011010100,6925
111001001010,290
110010000001,273
011001101000,253
011011110001,288
011011110100,6937
001111101101,15
110011110100,6990
010000101100,6898
010010000110,6859
011010000110,7041
100010000101,270
001000101111,321
011001111110,7031
100010000111,299
010101100110,308
110001110110,7161
111011001010,284
011010100100,6940
010010001100,6769
000101011100,273
111011011110,6873
110001010110,6955
110001111100,6977
011010101110,7038
010011011110,6942
100111111110,298
111011111100,6920
000111011100,315
011001011110,6825
111011110110,7097
001010000111,284
110000101100,6857
111000100110,6991
010010000100,7020
010101001100,292
001010100101,295
111000000110,7039
110010101100,7042
110001011100,6986
011001010001,333
011010001110,6831
011001011100,6881
001111010011,17
110111000110,301
111011111110,6831
101010000111,277
010011000000,262
100101010011,16
011001010110,7021
111010001100,6979
100001011111,299
110011011110,7129
000100001110,310
011000111101,12
110001111110,6936
111000001110,7059
101000100111,287
001001111101,275
110000001110,6921
011000101100,6958
011001100010,282
001000000101,294
010000100110,7010
110010000100,6884
111010101110,6962
010000000011,284
001001110111,311
001100101100,256
011000110101,15
101110100110,275
011011110110,7030
010000100100,7203
100110100100,289
011011011011,309
110011101000,306
101111110110,275
101110100100,311
101010001101,276
011011001000,282
010001110001,280
111010110101,15
000100100011,20
100110000100,320
101111011110,318
110001011001,340
011111001100,281
110011010001,308
000001111101,270
000101111100,254
001000100101,297
001111111110,303
000001010101,299
111000101011,260
111001100010,296
011010101011,312
000111110110,269
101011010111,304
011001010100,7062
110111101100,286
110011111001,297
111011001000,299
111010000011,312
110100011110,1
010010101001,290
100100000100,308
101111011100,290
110011100000,273
010011010001,262
001100101110,306
010011101000,285
010011110011,303
000011111111,265
100111110100,258
111111001110,246
100011011101,310
001000000111,276
110101101110,270
110101000100,321
111001110001,313
110111100100,294
011011100010,285
100000001101,301
010000001011,309
110111000100,281
010011111011,326
011000100011,240
111101111010,1
100000000101,299
111101100110,268
010111100110,299
111001010001,339
001101110100,286
111001101010,283
110011011011,292
111001010011,333
111001111110,6981
111001011001,289
010011001000,307
000100000100,322
010111001110,274
011001110001,313
100100100100,303
111001000000,260
110010101011,317
001001011101,292
100100100110,314
101000101111,306
000111111100,273
001100000100,314
011010000001,263
000010000101,252
100100101100,334
100111011110,286
110101100100,270
111010100011,301
100010001111,270
100001011101,273
100011111101,273
100011011111,322
011000001011,269
101001111101,276
000100101100,304
111001111001,312
010010001001,287
011010001001,308
111101101100,282
010011001010,303
101110000110,334
000101010100,313
000001011101,292
000100000110,346
010001001010,282
011011001010,287
011111000110,271
001001111111,294
110011000000,278
011001110011,292
100111101000,9
000000100111,327
001101011100,272
101111110100,274
001001001001,6
000011010111,294
010000101011,294
000100100110,313
110011000010,285
000010000111,312
111011111001,310
001011010101,295
100001010101,264
110001011011,315
110001001010,291
110011011001,340
101100000100,309
100110100110,292
001010001111,254
010001111001,305
101111010110,269
110001110001,291
111101101110,257
011011111001,289
001001010101,302
001100000110,338
011101001110,282
111111100100,268
010010101011,275
001010101111,289
110010100011,301
100011110111,274
111001101000,294
111011000000,286
111010001011,299
011011011001,307
100011111111,283
011001001000,319
100000101101,306
000011110111,259
111101001100,291
000010001111,260
110011100010,299
110010111111,12
001111110110,263
000000000101,290
110000001001,283
001111011110,285
101011011101,319
100100000110,347
101001110101,310
011101001100,326
010101101100,269
011000001001,280
000000100101,295
101001010111,290
101000001101,279
110001100010,263
001011111101,284
000110000100,320
101101011001,12
110111101110,306
010001000010,272
011101100110,300
111001111011,296
010111100100,291
101011110111,294
100000101111,303
010011111001,303
100010100101,296
000101110110,292
101101011110,281
110010001001,278
001111010100,300
100110001100,322
101000001111,251
011001000000,295
110000001011,288
010111101110,292
001111001101,6
010101000100,296
001011110111,283
000100001100,290
001011101001,21
111101000100,277
110000101001,306
010101001110,251
001011011111,263
110001101000,340
000111010100,265
110001010011,295
100111010100,309
000011000001,16
010000101001,279
100001110111,299
011001101010,279
110010000011,337
111011010011,335
000111110100,306
101101111100,300
100101011110,288
110101001110,287
000011011111,265
011010101001,296
010001001000,268
010001010011,304
110011110011,321
101000101101,272
111101001110,295
111011100010,295
111001000010,298
000001111111,262
011111000100,311
101100101110,304
110111001100,285
100000100101,272
101010000101,277
011101000110,311
001100100100,314
001100001100,349
001110000110,297
000101001000,11
000111011110,305
001010000101,289
001110101110,332
100101110100,291
110111001110,285
011000100001,281
110000000011,311
010000001001,286
110000100011,302
001100001110,309
000010100111,293
000110001100,289
111010101011,285
111011011001,329
100000110011,1
000010101111,278
111011000010,284
101110000100,323
101100100110,296
100001111101,304
100111011100,284
010101000110,271
010101101110,291
000010101101,275
111011100000,288
011111100110,292
100011010111,292
000011010101,289
000101110100,294
011001011001,313
101100000110,322
111111100110,308
001101011110,264
001011011101,329
110001000010,289
010000100001,323
000010001101,283
001110001110,317
000000001101,261
100000100111,310
000101111110,282
011011111011,325
100101111110,285
101010101111,278
001000100111,274
011011010001,297
101001111111,285
011001010011,286
000100101110,324
000001011111,282
101110101110,297
001011010111,264
001011111111,278
110001100000,285
100110101100,300
001101010100,290
100110001110,281
101110101100,323
100101011100,282
000110101110,300
100111010110,291
010001101010,298
101010101101,297
111001001000,285
011111001110,285
110001010001,313
100111100101,9
101101010110,297
001111110100,286
001001011111,273
001000001101,273
000101100000,10
011101101011,22
000110001110,326
101000000111,292
010001010001,298
010011000010,289
111111000110,294
010001111011,297
111010000001,281
110001001000,291
101100001100,294
011001001010,268
110101101100,306
010011010011,298
110101000110,280
000000101111,262
111010101001,286
000101010110,328
001101101111,6
001111010110,274
011000000001,270
001000101101,316
011111101110,296
010001011001,317
110011111011,305
111000000011,280
111011101010,304
110101001100,284
101100100001,8
000001110101,285
101110001011,12
001000001111,266
100110000110,315
011001111001,320
010011011011,310
010011101010,298
110001111001,318
000001010111,279
001101110110,303
011101100100,294
000101011110,269
100110101110,294
110011110001,300
010001011011,335
101110001110,294
000111010110,312
011001111011,319
011101101100,315
100111111100,313
001111011100,276
001110100100,317
000110000110,299
101111111100,296
011010001011,261
100011101011,11
001010100111,316
010111000100,278
001010101101,302
101001010101,316
101000000101,301
010011110001,344
010010011101,15
010011011001,320
101010100101,305
000000000111,318
010010000011,262
100101010100,284
010101101011,15
110001111011,291
001010001101,275
111000001001,292
110001101010,285
101001011101,309
001110100110,313
111011010001,321
011010100011,268
010101100100,295
100001110101,307
001001010111,284
010010000001,298
100101111100,279
110111100110,254
100100001100,316
000111000111,13
111011111011,279
010010100011,257
011000101001,286
111001011011,312
100111110110,295
011001011011,313
001011110101,290
111111101100,253
101101010100,267
010000000001,282
110010100001,270
000001110111,267
110000100001,254
001111000111,15
101011110101,302
011011000010,292
011101001011,14
000100100100,302
100010101111,262
010111001100,293
101100100100,316
101101110100,240
100000001111,296
111001100000,297
011111100100,292
011011101010,294
010001100000,296
100101110110,322
100001010111,293
001110101100,304
001011101011,16
100011110101,302
101101011100,288
010111000110,295
111000010111,12
101100101100,306
000110100110,314
101101101111,8
000000001111,279
011010100001,286
101101111110,318
110011001010,257
010001000000,308
000110101100,292
010010001011,283
111000100001,279
101001110111,286
111011110011,324
110010001011,273
111101000110,276
001100100110,336
000110100100,320
011101101110,283
101111010100,301
111011101000,279
111010100001,281
000111111110,288
111111000100,286
111000101001,288
001001000011,11
101011111111,297
111111001100,306
101011111101,299
010000100011,302
100101000000,10
111000000001,295
001111111100,285
111010001001,283
101101110110,311
001001100011,9
011111100011,12
101110001100,315
111101100100,297
011010000011,290
101011010101,295
010111101100,275
001111110011,16
001110001100,284
001101101101,10
001001101001,13
101100001110,322
101100101011,16
001101111100,303
101010001111,261
000110000011,16
011111001001,14
110101100001,24
101001100011,11
011011101000,283
101010100111,256
001101000111,14
100011010101,270
110001110011,297
110001000000,262
100111111001,19
001001110101,293
011011000000,280
010101101001,9
000011110101,254
100111100010,14
011000101011,283
100111010011,15
111001110011,289
001101010110,278
101111001010,20
011011100000,291
011011110011,293
100111000111,12
100100001110,289
001111111011,13
101111101010,9
001100100001,12
011000000011,277
100000111110,13
010001110011,330
010011100000,304
011000010111,13
001100101011,10
000101010011,14
001111101000,11
010010100001,269
110010101001,296
110101101011,13
011101000011,15
000111000000,13
011001100000,299
000011000011,12
100010100111,284
100100101110,331
011001000010,288
110011001000,298
100001111111,256
001100100011,15
100010001101,295
011010111111,12
100000110100,13
110000111101,16
101110100001,16
010010010101,19
101101001000,10
101101110001,13
001111001000,16
100000000111,297
000101000111,18
101010111100,16
000111001101,12
001110001001,14
000101000101,17
001110000100,291
101010010110,11
000001001011,10
011011010011,274
111111001011,16
110101011111,1
111011011011,310
101000100101,313
011000111111,18
100010111100,12
101101000101,11
000000110110,15
100010011100,10
111010011101,13
100001101011,14
100101010110,271
100111111011,13
101111000111,14
111000110111,12
000101010001,11
000101001010,8
100000010110,7
001110001011,13
110000010111,13
001101000000,7
101111001000,11
001101011001,14
001101111001,15
101110101001,7
100101011011,10
100011001011,7
010010011111,18
000011011101,286
100011000001,15
100010111110,9
000011100011,15
010111101001,13
110111100011,12
111101001011,12
100001001011,18
000111000101,11
101011000001,16
011101011101,1
011101000100,298
101011011111,264
000010100101,293
101010111110,13
101101111011,15
010101000011,18
100101101101,16
100011100001,15
111101100011,19
000100000011,8
101010110110,6
100011101001,12
001110101001,15
000101100111,11
010010110101,13
000100010101,1
100111000000,9
110111101011,15
100110000001,17
000111100111,11
001000010100,13
001111100010,10
100001000011,14
000101101101,16
111000011111,14
001011000001,10
011010011101,11
001101100000,13
100110101011,13
011010010101,7
000100001011,15
100111011001,13
100001001001,13
101011100001,16
110101001001,13
101101011011,22
100111101101,16
011111011010,2
110010110111,13
000000111110,12
001101010011,14
011101000001,11
101001001011,13
010111101011,14
001111110001,11
000110001011,13
000100101011,13
001111010001,15
101101101010,8
000100001001,17
001000110110,11
010010010111,15
100101101010,7
101111100010,13
000011101011,10
100000010100,10
110101100011,11
101101001101,18
011000010101,11
110010010111,10
011111000001,17
011010011111,9
011111101011,10
001111100101,12
101110100011,8
101101111001,8
000010011100,10
111101000011,10
101100101001,13
000010110110,15
010000111111,18
101010010100,15
100100000001,11
101000010110,6
001101000101,10
111101101011,12
010000010111,13
010101100001,10
100100100011,15
101000111110,14
001111101010,14
111111000001,10
010010111111,9
101101010001,16
100110100001,18
100001100011,10
101111010001,8
000111001010,14
011101101001,13
100000011110,17
000111011001,12
100001101001,14
001000011110,8
001101011011,11
001010011110,14
001110000011,13
110101011101,1
110111101001,13
100100001011,14
101000110100,12
100010100010,1
010111100001,13
100101100000,8
000111111001,11
101101100000,16
111110001000,1
100100101001,13
100110101001,10
010000011101,9
101111011011,18
100101001101,14
000101111011,6
001101001111,15
100010010110,15
101111101111,12
000001100001,11
000010011110,10
101001101011,12
011111100001,9
000101101000,12
010010110111,20
000101110001,18
001110100001,10
011111101001,17
100111001111,12
101101001111,13
101111110001,8
000101001101,10
001101111011,10
001011100011,14
010101000001,10
001111011011,14
101101100111,11
101111011001,15
001111001111,22
000000011100,13
111111100001,12
101011001011,11
101110001001,8
111101111111,1
000001001001,18
101111000000,17
101100100011,6
000000110100,13
001100000011,7
100101001000,16
000100000001,6
101111100000,12
100000110110,12
100000011100,14
100010110100,14
110000010101,11
001000010110,14
001010010110,13
001111000000,7
101000111100,11
010000010101,6
001011100001,8
110100001000,1
110111001001,11
101101101000,13
001000110100,11
001101110001,12
010101001011,10
110010111101,16
011110101010,1
000001000011,10
000110100011,15
101011101011,13
100011001001,18
101111111011,13
100110100011,13
100101101111,9
001101100111,10
110101000011,12
011111001011,9
000001101001,19
100100100001,11
000001000001,10
101010011100,7
001111111001,19
000010011011,1
101101001010,18
101111001111,6
000110000001,8
000111001000,16
101011001001,8
110101000001,8
111000110101,15
011010110111,12
000001101011,14
101010011110,12
000111010001,12
101111010011,9
110100101010,1
011000110111,13
001110000001,8
000100100001,12
100101101000,14
000101111001,10
000101101111,13
001100001011,6
000010010110,19
110111000011,10
100111110001,8
100101110011,5
001111100000,13
100101100101,10
100110010111,2
001011001011,12
101101000111,15
000111001111,11
001001100001,11
000010111110,7
110010110101,7
100101110001,9
100111100000,17
011010110101,15
001101010001,14
100101010001,19
111111101011,10
001010011100,8
111000111101,12
111101010000,1
010000110111,11
101111001101,11
111101001001,13
100101000101,8
000010111100,9
101111100111,14
101100001001,14
101010110100,9
001101110011,17
000101000000,10
000011101001,9
101000011110,17
101001101001,11
101101000000,12
000101011001,14
110101001011,8
101111101101,10
100101100010,10
100111110011,11
100111010001,14
001111000101,12
000101011011,15
001100001001,4
010101010111,1
001001101011,12
101001000011,7
111111111000,1
000000011110,11
001110101011,3
001110011111,1
111101000001,7
101000110110,11
101101100101,11
111101100001,9
011111000011,11
000111110011,9
000010010100,5
000101000010,10
100111101010,10
001100000001,16
100011000011,8
011000011111,11
100101000111,19
001111001010,11
111000011101,5
100010010100,8
111101010101,1
100100000011,11
100010011110,12
101001000001,8
001101100010,10
100101001111,13
000000010110,9
111010011111,20
001000011001,2
111010111111,11
000111000010,8
011010111101,7
000011001001,12
101011100011,12
010111000011,10
011000011101,14
111111000011,12
111111010101,2
100100111111,2
100010011011,1
001000011100,13
010101111101,2
001010110011,2
000111100010,5
001101001010,5
100101000010,13
110101110010,1
111010111101,17
100111011011,10
000111101111,11
000010101010,1
100110001001,8
100111001101,4
100111001010,5
100010011001,1
000111101010,15
010000011111,14
100100001001,9
000111101101,8
111101110101,1
110010010101,5
111111100011,8
101101101101,13
110111001011,10
101010001000,1
101100001011,15
001001001011,12
000111100000,8
100111101111,8
101111110011,8
000010110100,9
001010110110,9
100001100001,12
011100101000,3
001010110100,12
101001100001,14
001011000011,8
001101001000,11
101110000011,19
010101100011,12
111000111111,13
111010010111,14
101001001001,17
011101001001,7
110000011111,8
000101001111,6
100111001000,13
001001000001,7
111101110010,1
101111100101,12
101100000011,13
111010110111,9
100101100111,5
000101100101,19
000111010011,11
111101101001,10
000101100010,7
000001100011,6
001010011001,1
011100100010,1
101101000010,13
111111110010,1
000011001011,13
101011000011,9
010111111111,1
010101001001,14
001101100101,10
011111011111,1
000111011011,14
010111100011,5
001111101111,5
001010111100,11
101101100010,14
001010111110,7
101000010100,11
010000110101,8
001000111100,11
110010011111,10
000110101001,8
110010011101,8
001010010100,9
011101100011,15
000110001001,18
000111111011,11
110000110101,12
110000011101,11
001000111110,12
100010110110,12
100101111011,10
000000010100,10
110101111000,1
010101110101,3
101101010011,10
000110100001,8
000100101001,8
001011001001,10
011010010111,6
000110111111,1
110101101001,15
100110000011,12
010111000001,8
000101110011,8
001000000000,1
101101110011,11
100111000101,9
100000111100,14
110000111111,8
001111000010,13
100100101011,9
111010010101,10
010000111101,5
101111000010,12
101011101001,5
100101011001,13
111000010101,10
101110101011,10
100101001010,7
101000110001,1
100101111001,11
100000111011,1
100011100011,10
100110010101,3
001000001000,2
010010111101,8
101111101000,6
001101101010,12
100111000010,7
001111100111,9
000000111100,12
101111000101,8
001101101000,11
101100000001,8
010110100010,1
110111100001,12
010111011111,1
101000011100,13
100111100111,12
110111010101,1
100100111101,1
111100001010,1
111111110101,2
001110100011,10
010101110010,1
000111101000,11
101110110111,1
000111110001,5
010111001001,12
100010110011,2
001101000010,7
110111000001,13
001100101001,5
111111001001,11
111111101001,10
000010111001,1
101110000001,9
010111001011,12
110111010000,1
110100100000,1
000011100001,8
000101101010,8
101010110001,1
000010000000,2
001000101000,1
110111111000,1
101000010001,2
011100000010,2
110101011010,1
000010101000,1
010101011000,1
101000111001,1
101000000010,3
011111010101,1
101100011111,1
010110000010,1
010110001000,2
001111011001,7
001101001101,8
000110101011,8
110101111111,1
111111110111,2
101111111001,5
011111110101,1
001010110001,1
100000011011,1
011101011010,1
100001000001,7
101000101010,1
110101110111,1
111101111101,1
010111110010,2
010110101000,1
000110110111,2
110111011101,1
010100001010,1
101000100010,1
101100111111,2
000010100010,1
000110011111,1
100000100010,1
110101111010,1
101110010101,2
100100010111,3
110101111101,1
100100011101,1
101010101010,2
111111011000,1
000111100101,6
111101011101,1
001100010101,1
000110111101,1
001100010111,1
111100100000,2
110101010010,1
101110110101,1
101010001010,1
110101010000,1
101010101000,1
101110111111,1
100110001011,4
100000100000,2
000010110001,1
111110101000,1
010111011000,1
110110100010,2
001010000010,1
010111110111,1
011101100001,3
010100101010,1
101010010001,1
100100011111,1
000000100000,1
111110001010,1
011111110111,1
110110000010,1
101000000000,1
000000111011,1
001000110001,1
101010111001,1
001000100010,1
011100100000,1
010110101010,1
001000111001,1
100010001010,1
010101011111,1
000100011101,1
011111111010,1
110110000000,2
010100100010,1
011110000010,1
100100010101,1
101010000010,1
111100101000,1
010110100000,1
011110101000,1
001100110111,1
111100000000,1
101010000000,1
101100011101,1
000100110101,1
100000101000,1
010100101000,1
010101011101,1
000000010001,1
110100100010,1
011101110010,1
101010010011,1
011111110000,1
000000000010,1
110110100000,1
